{
	"format_version": "1.8.0",
	"animations": {
		"animation.butterfly.fly": {
			"loop": true,
			"animation_length": 2.08,
			"bones": {
				"root": {
					"rotation": [-30, 0, 0],
					"position": [0, 0, -6]
				},
				"leftFrontWing": {
					"rotation": {
						"0.0": [0, 0, 0],
						"0.52": [14.94548, -1.29256, 42.33045],
						"1.04": [9.93656, 0.9762, -7.43656],
						"1.56": [12.5, 0, -37.5],
						"2.08": [0, 0, 0]
					},
					"position": {
						"0.0": [0, 0, 0],
						"0.52": [0, -1, 0],
						"1.56": [1, 0, 0],
						"2.08": [0, 0, 0]
					}
				},
				"rightFrontWing": {
					"rotation": {
						"0.0": [0, 0, 0],
						"0.52": [14.98637, 0.64686, -39.91492],
						"1.04": [2.5, 0, 12.5],
						"1.56": [12.5, 0, 37.5],
						"2.08": [0, 0, 0]
					},
					"position": {
						"0.0": [0, 0, 0],
						"0.52": [0, -1, 0],
						"1.56": [-1, 0, 0],
						"2.08": [0, 0, 0]
					}
				},
				"rightBackWing": {
					"rotation": {
						"0.0": [0, 0, 0],
						"0.52": [-35, 0, 37.5],
						"1.04": [-36.57979, -8.80347, -12.18875],
						"1.56": [0, 0, -37.5],
						"2.08": [0, 0, 0]
					},
					"position": {
						"0.0": [0, 0, 0],
						"0.52": [0, -1, -1],
						"1.56": [1, 0, 0],
						"2.08": [0, 0, 0]
					}
				},
				"leftBackWing": {
					"rotation": {
						"0.0": [0, 0, 0],
						"0.52": [-35, 0, -37.5],
						"1.04": [-34.0724, 8.53726, 12.37961],
						"1.56": [0, 0, 37.5],
						"2.08": [0, 0, 0]
					},
					"position": {
						"0.0": [0, 0, 0],
						"0.52": [0, -1, -1],
						"1.56": [-1, 0, 0],
						"2.08": [0, 0, 0]
					}
				}
			}
		}
	}
}